{
  "user_name": "fauzi",
  "samples_collected": 5,
  "quality_logs": [
    {
      "timestamp": 1759401141.46477,
      "quality": {
        "brightness": 0.6643210093180338,
        "contrast": 0.8082336236382165,
        "sharpness": 0.12626378142622843,
        "face_size_score": 0.9575,
        "face_position_score": 0.1867964584435211,
        "eye_visibility_score": 1.0,
        "overall_score": 0.697117511269575
      },
      "obstacles": [],
      "blinks": 1,
      "is_valid": 