{
  "user_name": "bima",
  "samples_collected": 5,
  "quality_logs": [
    {
      "timestamp": 1759400445.111849,
      "quality": {
        "brightness": 0.7985596720377605,
        "contrast": 0.8580013821218325,
        "sharpness": 0.16166593245506286,
        "face_size_score": 0.8485,
        "face_position_score": 0.0,
        "eye_visibility_score": 1.0,
        "overall_score": 0.6525392919069719
      },
      "obstacles": [],
      "blinks": 0,
      "is_valid": false
    }
  ],
  "average_quality": 0.6525392919069719
}