{
  "user_name": "andi",
  "samples_collected": 5,
  "quality_logs": [
    {
      "timestamp": 1759403572.23761,
      "quality": {
        "brightness": 1.0,
        "contrast": 0.8406958425948032,
        "sharpness": 0.10586459236039059,
        "face_size_score": 0.891,
        "face_position_score": 0.2441561007721238,
        "eye_visibility_score": 1.0,
        "overall_score": 0.7213737228859831
      },
      "obstacles": [
        "glasses"
      ],
      "blinks": 0,
      "is_valid": false
    }
  ],
  "average_quality": 0.7213737228859831
}