{
  "user_name": "danang",
  "samples_collected": 5,
  "quality_logs": [
    {
      "timestamp": 1759403060.777695,
      "quality": {
        "brightness": 0.9330182647705079,
        "contrast": 0.9720520026391761,
        "sharpness": 0.13602139548567665,
        "face_size_score": 0.8109999999999999,
        "face_position_score": 0.0,
        "eye_visibility_score": 1.0,
        "overall_score": 0.6610113058381037
      },
      "obstacles": [],
      "blinks": 0,
      "is_valid": false
    }
  ],
  "average_quality": 0.6610113058381037
}