{
  "user_name": "danang",
  "samples_collected": 5,
  "quality_logs": [
    {
      "timestamp": 1759392743.733587,
      "quality": {
        "brightness": 0.9112015787760417,
        "contrast": 1.0,
        "sharpness": 0.10610448511653477,
        "face_size_score": 0.9515,
        "face_position_score": 0.6991678208701735,
        "eye_visibility_score": 1.0,
        "overall_score": 0.8376246190749459
      },
      "obstacles": [],
      "blinks": 0,
      "is_valid": false
    }
  ],
  "average_quality": 0.8376246190749459
}