{
  "user_name": "danang",
  "samples_collected": 5,
  "quality_logs": [
    {
      "timestamp": 1759401109.771468,
      "quality": {
        "brightness": 0.7413846333821614,
        "contrast": 0.7592206620975797,
        "sharpness": 0.11279310203169715,
        "face_size_score": 0.9655,
        "face_position_score": 0.4967108187135352,
        "eye_visibility_score": 1.0,
        "overall_score": 0.7616113136970206
      },
      "obstacles": [],
      "blinks": 0,
      "is_valid": false
    }
  ],
  "average_quality": 0.7616113136970206
}